USE ComputerStore;

-- DEMO INSERT
INSERT INTO account (customerID, username, password) VALUES 
('admin', 'admin', '123'),
('nhh1205', 'CTM0000000001', '123@Aa'),
('btkh1301', 'CTM0000000002', '123@Aa'),
('nvh123', 'CTM0000000003', '123@Aa'),
('nhdn3009', 'CTM0000000004', '123@Aa'),
('tka3007', 'CTM0000000005', '123@Aa'),
('mbn123', 'CTM0000000006', '123@Aa'),
('nttt0404', 'CTM0000000007', '123@Aa'),
('nxt1806', 'CTM0000000008', '123@Aa'),
('bqmh123', 'CTM0000000009', '123@Aa'),
('nkn123', 'CTM0000000010', '123@Aa');

INSERT INTO customer (customerID, firstname, lastname, address, phone)  VALUES
('CTM0000000001', 'Nguyen Hoang', 'Hai', 'Ha Noi', '0782748863'),
('CTM0000000002', 'Bui Thi Khanh', 'Ha', 'Can Tho', '0123456789'),
('CTM0000000003', 'Nguyen Van', 'Hieu', 'Sai Gon', '0123459876'),
('CTM0000000004', 'Nguyen Hoang Dan', 'Ngoc', 'Buon Ma Thuot', '0123321456'),
('CTM0000000005', 'Truong Kim', 'Anh', 'Buon Ma Thuot', '0987789123'),
('CTM0000000006', 'Mai Bao', 'Ngoc', 'Buon Ma Thuot', '0109903312'),
('CTM0000000007', 'Nguyen Thi Thanh', 'Tuyen', 'Hau Giang', '0935690519'),
('CTM0000000008', 'Nguyen Xuan', 'Thanh', 'Ha Noi', '0778387373'),
('CTM0000000009', 'Bui Quang Minh', 'Hieu', 'Sai Gon', '0782992123'),
('CTM0000000010', 'Nguyen Khac', 'Nhu', 'Bac Lieu', '0135792468');

INSERT INTO employee (employeeID, firstname, lastname, DOB, position, salary) VALUES 
('EP0000000001', 'Nguyen Thanh', 'Truc', '2002-03-19', 'Deliveryer',  500),
('EP0000000002', 'Vo Huyen', 'Tran', '2000-05-24', 'Deliveryer', 500),
('EP0000000003', 'Dao Thuy', 'Vy', '2003-04-01', 'Deliveryer', 500),
('EP0000000004', 'Trinh Gia', 'Linh', '2000-11-20', 'Sale', 750),
('EP0000000005', 'Nguyen Minh', 'Dat', '1997-10-20', 'Sale', 750),
('EP0000000006', 'Nguyen Bao', 'Uyen', '1995-03-05', 'Sale', 750),
('EP0000000007', 'Nguyen Thi My', 'Linh', '2000-06-01', 'Manager', 1500),
('EP0000000008', 'Nguyen Thi Thuy', 'An', '2001-09-30', 'Manager', 1500),
('EP0000000009', 'Vo Tan', 'Phat', '2004-07-14', 'Manager', 1500),
('EP0000000010', 'Nguyen Hoang', 'Hai', '2004-05-12', 'Director', 2000);

INSERT INTO supplier (supplierID, supplierName, email, address) VALUES 
('SP0000000001', 'ASUS', 'asus@gmail.com', 'Dai Loan'),
('SP0000000002', 'HP', 'hp@gmail.com', 'Hoa Ky'),
('SP0000000003', 'ACER', 'acer@gmail.com', 'Dai Loan'),
('SP0000000004', 'MSI', 'msi@gmail.com', 'Dai Loan'),
('SP0000000005', 'LENOVO', 'lenovo@gmail.com', 'Hong Kong'),
('SP0000000006', 'DELL', 'dell@gmail.com', 'Hoa Ky'),
('SP0000000007', 'LG', 'lg@gmail.com', 'Han Quoc'),
('SP0000000008', 'CORSAIR', 'corsair@gmail.com', 'Hoa Ky'),
('SP0000000009', 'INTEL', 'intel@gmail.com', 'Hoa Ky');

INSERT INTO product (productID, supplierName, productName, type, quantity, warrantyTime, price) VALUES 
('PD0000000001', 'ASUS', 'VivoBook 14', 'Laptop', 49, 24, 525),
('PD0000000002', 'ACER', 'Acer Swift X14', 'Laptop', 49, 24, 1700),
('PD0000000003', 'DELL', 'Dell Alienware M15', 'Laptop', 49, 24, 1800),
('PD0000000004', 'HP', 'HP Victus 16', 'Laptop', 49, 24, 1200),
('PD0000000005', 'MSI', 'MSI Prestige 13', 'Laptop', 49, 24, 1300),
('PD0000000006', 'LENOVO', ' Lenovo LOQ 15IRH8', 'Laptop', 49, 24, 960),
('PD0000000007', 'LG', 'LG Gram 2in1 14T90R ', 'Laptop', 49, 24, 1360),
('PD0000000008', 'CORSAIR', 'Corsair Vengeance', 'RAM', 49, 24, 200),
('PD0000000009', 'CORSAIR', 'Corsair Dominator', 'RAM', 49, 24, 370),
('PD0000000010', 'CORSAIR', 'Corsair MP600 CORE XT 1TB', 'ROM', 49, 24, 100), 
('PD0000000011', 'INTEL', 'Intel Core i3 14100U', 'CPU', 49, 24, 160),
('PD0000000012', 'INTEL', 'Intel Core i5 14400F', 'CPU', 49, 24, 300),
('PD0000000013', 'INTEL', 'Intel Core i7 14700F', 'CPU', 49, 24, 400),
('PD0000000014', 'INTEL', 'Intel Core i9 14900F', 'CPU', 49, 24, 600),
('PD0000000015', 'INTEL', 'Intel Core i5 14600KF', 'CPU', 49, 24, 320),
('PD0000000016', 'ASUS', 'RTX 4080', 'VGA', 49, 24, 1520),
('PD0000000017', 'ASUS', 'RTX 3050', 'VGA', 49, 24, 800),
('PD0000000018', 'ASUS', 'RTX 4070', 'VGA', 49, 24, 1160),
('PD0000000019', 'ASUS', 'RTX 4060', 'VGA', 49, 24, 600),
('PD0000000020', 'CORSAIR', 'Corsair K65', 'Keyboard', 49, 24, 150),
('PD0000000021', 'CORSAIR', 'Corsair K68', 'Keyboard', 49, 24, 88),
('PD0000000022', 'CORSAIR', 'Corsair K70', 'Keyboard', 49, 24, 100),
('PD0000000023', 'CORSAIR', 'Corsair K100', 'Keyboard', 49, 24, 211),
('PD0000000024', 'LG', 'LG 24MR400-B 24', 'Screen', 49, 24, 100),
('PD0000000025', 'LG', 'LG 34GP63A-B 34', 'Screen', 49, 24, 500),
('PD0000000026', 'MSI', 'MSI G2712F 27', 'Screen', 49, 24, 160),
('PD0000000027', 'LENOVO', 'Lenovo L27e-40 27', 'Screen', 49, 24, 111),
('PD0000000028', 'DELL', 'Dell UltraSharp U3023E 30', 'Screen', 49, 24, 560),
('PD0000000029', 'ACER', 'Acer K273 E 27', 'Screen', 49, 24, 120),
('PD0000000030', 'CORSAIR', 'Corsair MP600 CORE XT 2TB', 'ROM', 49, 24, 140);

-- Laptop
INSERT INTO productdetail (productID, MFG, RAM, ROM, CPU, VGA, keyboard, screen, OS, size, pin, type) VALUES 
('PD0000000001', '2022', '8 GB', '512 GB', 'Ryzen™ 5 7530U', 'AMD Radeon™ Graphics', 'Chiclet Keyboard', 'OLED', 'Windows 11 Home', '31.71 x 22.20 x 1.99 cm', '50 WHrs', 'Gaming'),
('PD0000000002', '2023', '32 GB', '1 TB', 'Intel Core i7-13700H', 'RTX Graphics 4050', 'LED', 'OLED', 'Windows 11 Home', '32.279 x 22.812 x 1.79 cm', '76 WHrs', 'Normal'),
('PD0000000003', '2022', '32 GB', '1 TB', 'Intel Core i7-11800H', 'RTX 3060', 'Alienware CherryMX', 'LCD', 'Windows 11 Home', '35.62 x 27.25 x 2.285 cm', '86 WHrs', 'Gaming'),
('PD0000000004', '2022', '16 GB', '512 GB', 'Ryzen 7 7840HS', 'RTX 3050', 'RGB backlit', 'LCD', 'Windows 11 Home', '36.9 x 25.94 x 2.29 cm', '70 WHrs', 'Gaming'),
('PD0000000005', '2023', '32 GB', '1 TB', 'Intel Core Ultra 7', 'NVMe PCIe Gen4x4', 'Single Backlit', 'OLED', 'Windows 11 Home', '29.9 x 21 x 1.69 cm', '75 WHrs', 'Normal'),
('PD0000000006', '2023', '16 GB', '512 GB', 'Intel Core i5-13420H,', 'RTX 4050', 'RGB Backlit', 'LCD', 'Windows 11 Home', '35.96 x 26.48 x 2.21 cm', '60 WHrs', 'Gaming'),
('PD0000000007', '2023', '16 GB', '512 GB', 'Intel Core i5-1340P', 'Intel Iris Xe Graphics', 'LCD', 'LED', 'Windows 11 Home', '31.4 x 21.95 x 1.68 cm', '72 WHrs', 'Normal');

-- RAM
INSERT INTO productdetail (productID, MFG, capacity, type, SPDspeed, CL) VALUES 
('PD0000000008', '2022', '2 x 24GB', 'DDR5', '5200 MHz', '38-38-38-84'),
('PD0000000009', '2023', '2 x 32GB', 'DDR5', '4800 MHz', '40-40-40-77');

-- ROM
INSERT INTO productdetail (productID, MFG, capacity, type, writeSpeed, readSpeed) VALUES 
('PD0000000010', '2022', '1 TB', 'SSD', '3,500MB/s', '5,000MB/s'),
('PD0000000030', '2023', '2 TB', 'SSD', '3,500MB/s', '5,000MB/s');

-- CPU
INSERT INTO productdetail (productID, MFG, cores, threads, series) VALUES 
('PD0000000011', '2021', '4', '8', 'Core i3'),
('PD0000000012', '2022', '10', '16', 'Core i5'),
('PD0000000013', '2023', '20', '28', 'Core i7'),
('PD0000000014', '2023', '24', '32', 'Core i9'),
('PD0000000015', '2022', '14', '20', 'Core i5');

-- VGA
INSERT INTO productdetail (productID, MFG, cores, GPUclock, size) VALUES 
('PD0000000016', '2023', '10420', '850 MHz', '31 x 14.48 x 8.75 cm'),
('PD0000000017', '2020', '2304', '800 MHz', '20.1 x 12 x 3.7 cm'),
('PD0000000018', '2022', '8448', '750 MHz', '30 x 12 x 5 cm'),
('PD0000000019', '2021', '4352', '650 MHz', '22.72 x 12.324 x 4.96 cm');

-- Keyboard
INSERT INTO productdetail (productID, MFG, layout, LED, keycap, switch, hotswap) VALUES 
('PD0000000020', '2022', '65%', 'RGB', 'PBT', 'Red linear', 'Yes'),
('PD0000000021', '2023', '100%', 'RGB', 'Cherry MX Red', 'Red linear', 'Yes'),
('PD0000000022', '2023', '100%', 'RGB', 'PBT', 'CHERRY MX Speed', 'No'),
('PD0000000023', '2023', '100%', 'RGB', 'PBT', 'Corsair OPX', 'Yes');

-- Screen
INSERT INTO productdetail (productID, MFG, scan, size, panel, resolution) VALUES
('PD0000000024', '2021', '100 Hz', '24 inch', 'IPS', 'Full HD'),
('PD0000000025', '2023', '160 Hz', '34 inch', 'VA', '2k'),
('PD0000000026', '2023', '180 Hz', '27 inch', 'IPS', 'Full HD'),
('PD0000000027', '2021', '100 Hz', '27 inch', 'VA', 'Full HD'),
('PD0000000028', '2020', '60 Hz', '30 inch', 'IPS', '2K'),
('PD0000000029', '2021', '100 Hz', '27 inch', 'IPS', 'Full HD');

INSERT INTO import (importID, employeeID, supplierID, date, totalCost) VALUES 
('IP0000000001', 'EP0000000007', 'SP0000000001', '2020-04-30', 181750),
('IP0000000002', 'EP0000000008', 'SP0000000003', '2021-05-12', 85000),
('IP0000000003', 'EP0000000009', 'SP0000000006', '2021-12-12', 110000),
('IP0000000004', 'EP0000000007', 'SP0000000002', '2022-03-08', 55000),
('IP0000000005', 'EP0000000008', 'SP0000000004', '2022-12-24', 67000),
('IP0000000006', 'EP0000000009', 'SP0000000005', '2023-03-26', 9500),
('IP0000000007', 'EP0000000007', 'SP0000000007', '2023-11-20', 89250),
('IP0000000008', 'EP0000000008', 'SP0000000008', '2024-02-25', 58900),
('IP0000000009', 'EP0000000009', 'SP0000000009', '2024-12-22', 84000);

INSERT INTO importdetail (importID, productID, quantity, price, cost) VALUES 
('IP0000000001', 'PD0000000001', 50, 500, 25000),
('IP0000000002', 'PD0000000002', 50, 1600, 80000),
('IP0000000003', 'PD0000000003', 50, 1700, 85000),
('IP0000000004', 'PD0000000004', 50, 1100, 55000),
('IP0000000005', 'PD0000000005', 50, 1200, 60000),
('IP0000000006', 'PD0000000006', 50, 900, 4500),
('IP0000000007', 'PD0000000007', 50, 1260, 63000),
('IP0000000008', 'PD0000000008', 50, 180, 9000),
('IP0000000008', 'PD0000000009', 50, 340, 17000),
('IP0000000008', 'PD0000000010', 50, 75, 3750),
('IP0000000009', 'PD0000000011', 50, 150, 7500),
('IP0000000009', 'PD0000000012', 50, 280, 14000),
('IP0000000009', 'PD0000000013', 50, 380, 19000),
('IP0000000009', 'PD0000000014', 50, 570, 28500),
('IP0000000009', 'PD0000000015', 50, 300, 15000),
('IP0000000001', 'PD0000000016', 50, 1420, 71000),
('IP0000000001', 'PD0000000017', 50, 750, 3750),
('IP0000000001', 'PD0000000018', 50, 1060, 53000),
('IP0000000001', 'PD0000000019', 50, 580, 29000),
('IP0000000008', 'PD0000000020', 50, 130, 6500),
('IP0000000008', 'PD0000000021', 50, 58, 2900),
('IP0000000008', 'PD0000000022', 50, 75, 3750),
('IP0000000008', 'PD0000000023', 50, 200, 10000),
('IP0000000007', 'PD0000000024', 50, 75, 3750),
('IP0000000007', 'PD0000000025', 50, 450, 22500),
('IP0000000005', 'PD0000000026', 50, 140, 7000),
('IP0000000006', 'PD0000000027', 50, 100, 5000),
('IP0000000003', 'PD0000000028', 50, 500, 25000),
('IP0000000002', 'PD0000000029', 50, 100, 5000),
('IP0000000008', 'PD0000000030', 50, 120, 6000);

INSERT INTO invoice (invoiceID, employeeID, customerID, date, totalCost) VALUES 
('IV0000000001', 'EP0000000004', 'CTM0000000001', '2020-04-30', 4025),
('IV0000000002', 'EP0000000005', 'CTM0000000002', '2021-05-12', 3460),
('IV0000000003', 'EP0000000006', 'CTM0000000003', '2021-12-12', 1930),
('IV0000000004', 'EP0000000004', 'CTM0000000004', '2022-03-08', 560),
('IV0000000005', 'EP0000000005', 'CTM0000000005', '2022-12-24', 1320),
('IV0000000006', 'EP0000000006', 'CTM0000000006', '2023-03-26', 3480),
('IV0000000007', 'EP0000000004', 'CTM0000000007', '2023-11-20', 838),
('IV0000000008', 'EP0000000005', 'CTM0000000008', '2024-02-25', 411),
('IV0000000009', 'EP0000000006', 'CTM0000000009', '2024-03-12', 771),
('IV0000000010', 'EP0000000004', 'CTM0000000010', '2024-03-26', 820);

INSERT INTO invoicedetail (invoiceID, productID, warrantyID, quantity, price, cost) VALUES 
('IV0000000001', 'PD0000000001', 'WRT0000000001', 1, 525, 525),
('IV0000000001', 'PD0000000002', 'WRT0000000002', 1,  1700, 1700),
('IV0000000001', 'PD0000000003', 'WRT0000000003', 1, 1800, 1800),
('IV0000000002', 'PD0000000004', 'WRT0000000004', 1, 1200, 1200),
('IV0000000002', 'PD0000000005', 'WRT0000000005', 1, 1300, 1300),
('IV0000000002', 'PD0000000006', 'WRT0000000006', 1, 960, 960),
('IV0000000003', 'PD0000000007', 'WRT0000000007', 1, 1360, 1360),
('IV0000000003', 'PD0000000008', 'WRT0000000008', 1, 200, 200),
('IV0000000003', 'PD0000000009', 'WRT0000000009', 1, 370, 370),
('IV0000000004', 'PD0000000010', 'WRT0000000010', 1, 100, 100),
('IV0000000004', 'PD0000000011', 'WRT0000000011', 1, 160, 160),
('IV0000000004', 'PD0000000012', 'WRT0000000012', 1, 300, 300),
('IV0000000005', 'PD0000000013', 'WRT0000000013', 1, 400, 400),
('IV0000000005', 'PD0000000014', 'WRT0000000014', 1, 600, 600),
('IV0000000005', 'PD0000000015', 'WRT0000000015', 1, 320, 320),
('IV0000000006', 'PD0000000016', 'WRT0000000016', 1, 1520, 1520),
('IV0000000006', 'PD0000000017', 'WRT0000000017', 1, 800, 800),
('IV0000000006', 'PD0000000018', 'WRT0000000018', 1, 1160, 1160),
('IV0000000007', 'PD0000000019', 'WRT0000000019', 1, 600, 600),
('IV0000000007', 'PD0000000020', 'WRT0000000020', 1, 150, 150),
('IV0000000007', 'PD0000000021', 'WRT0000000021', 1, 88, 88),
('IV0000000008', 'PD0000000022', 'WRT0000000022', 1, 100, 100),
('IV0000000008', 'PD0000000023', 'WRT0000000023', 1, 211, 211),
('IV0000000008', 'PD0000000024', 'WRT0000000024', 1, 100, 100),
('IV0000000009', 'PD0000000025', 'WRT0000000025', 1, 500, 500),
('IV0000000009', 'PD0000000026', 'WRT0000000026', 1, 160, 160),
('IV0000000009', 'PD0000000027', 'WRT0000000027', 1, 111, 111),
('IV0000000010', 'PD0000000028', 'WRT0000000028', 1, 560, 560),
('IV0000000010', 'PD0000000029', 'WRT0000000029', 1, 120, 120),
('IV0000000010', 'PD0000000030', 'WRT0000000030', 1, 140, 140);

INSERT INTO warranty (warrantyID, productID, invoiceID, customerID, purchaseDate, warrantyTime, EXP) VALUES 
('WRT0000000001', 'EP0000000004', 'IV0000000001', 'CTM0000000001', '2020-04-30', 24, '2022-04-30'),
('WRT0000000002', 'EP0000000004', 'IV0000000001', 'CTM0000000001', '2020-04-30', 24, '2022-04-30'),
('WRT0000000003', 'EP0000000004', 'IV0000000001', 'CTM0000000001', '2020-04-30', 24, '2022-04-30'),
('WRT0000000004', 'EP0000000005', 'IV0000000002', 'CTM0000000002', '2021-05-12', 24, '2023-05-12'),
('WRT0000000005', 'EP0000000005', 'IV0000000002', 'CTM0000000002', '2021-05-12', 24, '2023-05-12'),
('WRT0000000006', 'EP0000000005', 'IV0000000002', 'CTM0000000002', '2021-05-12', 24, '2023-05-12'),
('WRT0000000007', 'EP0000000006', 'IV0000000003', 'CTM0000000003', '2021-12-12', 24, '2023-12-12'),
('WRT0000000008', 'EP0000000006', 'IV0000000003', 'CTM0000000003', '2021-12-12', 24, '2023-12-12'),
('WRT0000000009', 'EP0000000006', 'IV0000000003', 'CTM0000000003', '2021-12-12', 24, '2023-12-12'),
('WRT0000000010', 'EP0000000004', 'IV0000000004', 'CTM0000000004', '2022-03-08', 24, '2024-03-08'),
('WRT0000000011', 'EP0000000004', 'IV0000000004', 'CTM0000000004', '2022-03-08', 24, '2024-03-08'),
('WRT0000000012', 'EP0000000004', 'IV0000000004', 'CTM0000000004', '2022-03-08', 24, '2024-03-08'),
('WRT0000000013', 'EP0000000005', 'IV0000000005', 'CTM0000000005', '2022-12-24', 24, '2024-12-24'),
('WRT0000000014', 'EP0000000005', 'IV0000000005', 'CTM0000000005', '2022-12-24', 24, '2024-12-24'),
('WRT0000000015', 'EP0000000005', 'IV0000000005', 'CTM0000000005', '2022-12-24', 24, '2024-12-24'),
('WRT0000000016', 'EP0000000006', 'IV0000000006', 'CTM0000000006', '2023-03-26', 24, '2025-03-26'),
('WRT0000000017', 'EP0000000006', 'IV0000000006', 'CTM0000000006', '2023-03-26', 24, '2025-03-26'),
('WRT0000000018', 'EP0000000006', 'IV0000000006', 'CTM0000000006', '2023-03-26', 24, '2025-03-26'),
('WRT0000000019', 'EP0000000004', 'IV0000000007', 'CTM0000000007', '2023-11-20', 24, '2025-11-20'),
('WRT0000000020', 'EP0000000004', 'IV0000000007', 'CTM0000000007', '2023-11-20', 24, '2025-11-20'),
('WRT0000000021', 'EP0000000004', 'IV0000000007', 'CTM0000000007', '2023-11-20', 24, '2025-11-20'),
('WRT0000000022', 'EP0000000005', 'IV0000000008', 'CTM0000000008', '2024-02-25', 24, '2026-02-25'),
('WRT0000000023', 'EP0000000005', 'IV0000000008', 'CTM0000000008', '2024-02-25', 24, '2026-02-25'),
('WRT0000000024', 'EP0000000005', 'IV0000000008', 'CTM0000000008', '2024-02-25', 24, '2026-02-25'),
('WRT0000000025', 'EP0000000006', 'IV0000000009', 'CTM0000000009', '2024-03-12', 24, '2026-03-12'),
('WRT0000000026', 'EP0000000006', 'IV0000000009', 'CTM0000000009', '2024-03-12', 24, '2026-03-12'),
('WRT0000000027', 'EP0000000006', 'IV0000000009', 'CTM0000000009', '2024-03-12', 24, '2026-03-12'),
('WRT0000000028', 'EP0000000004', 'IV0000000010', 'CTM0000000010', '2024-03-26', 24, '2026-03-26'),
('WRT0000000029', 'EP0000000004', 'IV0000000010', 'CTM0000000010', '2024-03-26', 24, '2026-03-26'),
('WRT0000000030', 'EP0000000004', 'IV0000000010', 'CTM0000000010', '2024-03-26', 24, '2026-03-26');

-- DEMO LOGIN
SELECT customerID FROM account WHERE username LIKE 'panda' AND password LIKE '1205';

-- DEMO UPDATE
UPDATE account SET password = '12052004' WHERE username = 'panda';

UPDATE customer SET firstname = '{firstname}', lastname = '{lastname}', address = '{address}', phone = '{phone}' WHERE customerID = 'CTM0000000001';

UPDATE employee SET firstname = '{firstname}', lastname = '{lastname}', DOB = '{DOB}', position = '{position}', salary = 0 WHERE employeeID = 'EP0000000001';

UPDATE import SET date = '{date}' WHERE importID = 'IP0000000001';

UPDATE invoice SET date = '{date}' WHERE invoiceID = 'IV0000000001';

UPDATE product SET productName = '{productName}', type = '{type}', quantity = 0, warrantyTime = 0, price = 0 WHERE productID = 'PD0000000001';

UPDATE productdetail SET MFG = '{MFG}', RAM = '{RAM}', ROM = '{ROM}', CPU = '{CPU}', VGA = '{VGA}', keyboard = '{keyboard}', screen = '{screen}', OS = '{OS}', size = '{size}', pin = '{pin}', type = '{type}' WHERE productID = 'PD0000000001';

UPDATE supplier SET supplierName = '{supplierName}' WHERE supplierID = 'SP0000000001';

UPDATE warranty SET purchaseDate = '{purchaseDate}', warrantyTime = 1, EXP = '{EXP}' WHERE warrantyID = 'WRT0000000001';

-- DEMO DELETE
DELETE FROM account WHERE username = 'panda';

DELETE FROM customer WHERE customerID = 'CTM0000000001';

DELETE FROM employee WHERE employeeID = 'EP0000000001';

DELETE FROM import WHERE importID = 'IP0000000001';

DELETE FROM importdetail WHERE importID = 'IP0000000001';

DELETE FROM invoice WHERE invoiceID = 'IV0000000001';

DELETE FROM invoicedetail WHERE invoiceID = 'IV0000000001';

DELETE FROM product WHERE productID = 'PD0000000001';

DELETE FROM productdetail WHERE productID = 'PD0000000001';

DELETE FROM supplier WHERE supplierID = 'SP0000000001';

DELETE FROM warranty WHERE warrantyID = 'WRT0000000001';

SELECT * FROM invoice WHERE date LIKE '2024-03-28';

-- CREATE TEMPORARY TABLE
CREATE TEMPORARY TABLE IF NOT EXISTS listOfCustomer AS
SELECT * FROM warranty
WHERE customerID = 'CTM1741838458';
SELECT *
FROM listOfCustomer
WHERE EXP > CURRENT_DATE();
DROP TEMPORARY TABLE IF EXISTS listOfCustomer;

CREATE TEMPORARY TABLE IF NOT EXISTS listOfCustomer AS
SELECT ivd.* FROM invoice iv
JOIN invoiceDetail ivd ON iv.invoiceID = ivd.invoiceID
WHERE iv.customerID = 'CTM1741838458';
SELECT * FROM listOfCustomer;
DROP TEMPORARY TABLE IF EXISTS listOfCustomer;